{
  "overall": {
    "precision": 0.7257844474761255,
    "recall": 0.7037037037037037,
    "f1": 0.7145735392881128,
    "tp": 532,
    "fp": 201,
    "fn": 224
  },
  "per_label": {
    "TRIGGER": {
      "precision": 0.7257844474761255,
      "recall": 0.7037037037037037,
      "f1": 0.7145735392881128,
      "tp": 532,
      "fp": 201,
      "fn": 224
    }
  },
  "trigger_identification": {
    "precision": 0.7257844474761255,
    "recall": 0.7037037037037037,
    "f1": 0.7145735392881128,
    "tp": 532,
    "fp": 201,
    "fn": 224
  },
  "trigger_classification": {
    "precision": 0.7133152173913043,
    "recall": 0.6944444444444444,
    "f1": 0.7037533512064342,
    "tp": 525,
    "fp": 211,
    "fn": 231
  },
  "event_classification": {
    "precision": 0.9660326086956522,
    "recall": 0.9505347593582888,
    "f1": 0.9582210242587601,
    "tp": 711,
    "fp": 25,
    "fn": 37
  }
}