{
  "overall": {
    "precision": 0.7304643261608154,
    "recall": 0.675392670157068,
    "f1": 0.7018498367791077,
    "tp": 1290,
    "fp": 476,
    "fn": 620
  },
  "per_label": {
    "EFFECT": {
      "precision": 0.7726597325408618,
      "recall": 0.7017543859649122,
      "f1": 0.7355021216407355,
      "tp": 520,
      "fp": 153,
      "fn": 221
    },
    "SUBJECT": {
      "precision": 0.7044198895027625,
      "recall": 0.6910569105691057,
      "f1": 0.6976744186046511,
      "tp": 255,
      "fp": 107,
      "fn": 114
    },
    "TREATMENT": {
      "precision": 0.7045143638850889,
      "recall": 0.64375,
      "f1": 0.6727629000653167,
      "tp": 515,
      "fp": 216,
      "fn": 285
    }
  },
  "trigger_identification": {
    "precision": 0.0,
    "recall": 0.0,
    "f1": 0.0,
    "tp": 0,
    "fp": 0,
    "fn": 0
  },
  "trigger_classification": {
    "precision": 0.0,
    "recall": 0.0,
    "f1": 0.0,
    "tp": 0,
    "fp": 0,
    "fn": 0
  },
  "event_classification": {
    "precision": 0.0,
    "recall": 0.0,
    "f1": 0.0,
    "tp": 0,
    "fp": 0,
    "fn": 0
  }
}