{
  "overall": {
    "precision": 0.8169727675744142,
    "recall": 0.6605222734254992,
    "f1": 0.7304643261608154,
    "tp": 1290,
    "fp": 289,
    "fn": 663
  },
  "per_label": {
    "COMBINATION_DRUG": {
      "precision": 0.7238095238095238,
      "recall": 0.3470319634703196,
      "f1": 0.4691358024691358,
      "tp": 76,
      "fp": 29,
      "fn": 143
    },
    "SUBJECT_AGE": {
      "precision": 0.9705882352941176,
      "recall": 0.8839285714285714,
      "f1": 0.9252336448598131,
      "tp": 99,
      "fp": 3,
      "fn": 13
    },
    "SUBJECT_DISORDER": {
      "precision": 0.34782608695652173,
      "recall": 0.14285714285714285,
      "f1": 0.20253164556962025,
      "tp": 8,
      "fp": 15,
      "fn": 48
    },
    "SUBJECT_GENDER": {
      "precision": 0.8488372093023255,
      "recall": 0.9605263157894737,
      "f1": 0.9012345679012346,
      "tp": 73,
      "fp": 13,
      "fn": 3
    },
    "SUBJECT_POPULATION": {
      "precision": 0.8412698412698413,
      "recall": 0.8688524590163934,
      "f1": 0.8548387096774194,
      "tp": 53,
      "fp": 10,
      "fn": 8
    },
    "SUBJECT_RACE": {
      "precision": 1.0,
      "recall": 1.0,
      "f1": 1.0,
      "tp": 7,
      "fp": 0,
      "fn": 0
    },
    "TREATMENT_DISORDER": {
      "precision": 0.6846473029045643,
      "recall": 0.625,
      "f1": 0.6534653465346535,
      "tp": 165,
      "fp": 76,
      "fn": 99
    },
    "TREATMENT_DOSAGE": {
      "precision": 0.696969696969697,
      "recall": 0.647887323943662,
      "f1": 0.6715328467153285,
      "tp": 46,
      "fp": 20,
      "fn": 25
    },
    "TREATMENT_DRUG": {
      "precision": 0.9082191780821918,
      "recall": 0.7277716794731065,
      "f1": 0.8080438756855576,
      "tp": 663,
      "fp": 67,
      "fn": 248
    },
    "TREATMENT_DURATION": {
      "precision": 0.4375,
      "recall": 0.2916666666666667,
      "f1": 0.35000000000000003,
      "tp": 7,
      "fp": 9,
      "fn": 17
    },
    "TREATMENT_FREQ": {
      "precision": 0.7,
      "recall": 0.6363636363636364,
      "f1": 0.6666666666666666,
      "tp": 7,
      "fp": 3,
      "fn": 4
    },
    "TREATMENT_ROUTE": {
      "precision": 0.6777777777777778,
      "recall": 0.6931818181818182,
      "f1": 0.6853932584269664,
      "tp": 61,
      "fp": 29,
      "fn": 27
    },
    "TREATMENT_TIME_ELAPSED": {
      "precision": 0.625,
      "recall": 0.4716981132075472,
      "f1": 0.5376344086021505,
      "tp": 25,
      "fp": 15,
      "fn": 28
    }
  },
  "trigger_identification": {
    "precision": 0.0,
    "recall": 0.0,
    "f1": 0.0,
    "tp": 0,
    "fp": 0,
    "fn": 0
  },
  "trigger_classification": {
    "precision": 0.0,
    "recall": 0.0,
    "f1": 0.0,
    "tp": 0,
    "fp": 0,
    "fn": 0
  },
  "event_classification": {
    "precision": 0.0,
    "recall": 0.0,
    "f1": 0.0,
    "tp": 0,
    "fp": 0,
    "fn": 0
  }
}