{
  "overall": {
    "precision": 0.7226775956284153,
    "recall": 0.7053333333333334,
    "f1": 0.7139001349527666,
    "tp": 529,
    "fp": 203,
    "fn": 221
  },
  "per_label": {
    "TRIGGER": {
      "precision": 0.7226775956284153,
      "recall": 0.7053333333333334,
      "f1": 0.7139001349527666,
      "tp": 529,
      "fp": 203,
      "fn": 221
    }
  },
  "trigger_identification": {
    "precision": 0.7226775956284153,
    "recall": 0.7053333333333334,
    "f1": 0.7139001349527666,
    "tp": 529,
    "fp": 203,
    "fn": 221
  },
  "trigger_classification": {
    "precision": 0.7066848567530696,
    "recall": 0.6906666666666667,
    "f1": 0.6985839514497639,
    "tp": 518,
    "fp": 215,
    "fn": 232
  },
  "event_classification": {
    "precision": 0.9440654843110505,
    "recall": 0.9364005412719891,
    "f1": 0.9402173913043478,
    "tp": 692,
    "fp": 41,
    "fn": 47
  }
}