{
  "overall": {
    "precision": 0.6348448687350835,
    "recall": 0.5986496624156039,
    "f1": 0.6162162162162163,
    "tp": 1596,
    "fp": 918,
    "fn": 1070
  },
  "per_label": {
    "EFFECT": {
      "precision": 0.7085798816568047,
      "recall": 0.6464237516869096,
      "f1": 0.6760762173606211,
      "tp": 479,
      "fp": 197,
      "fn": 262
    },
    "SUBJECT": {
      "precision": 0.5932642487046632,
      "recall": 0.6205962059620597,
      "f1": 0.6066225165562914,
      "tp": 229,
      "fp": 157,
      "fn": 140
    },
    "TREATMENT": {
      "precision": 0.6478679504814305,
      "recall": 0.58875,
      "f1": 0.6168958742632613,
      "tp": 471,
      "fp": 256,
      "fn": 329
    },
    "TRIGGER": {
      "precision": 0.5751724137931035,
      "recall": 0.5515873015873016,
      "f1": 0.5631330182309251,
      "tp": 417,
      "fp": 308,
      "fn": 339
    }
  },
  "trigger_identification": {
    "precision": 0.5751724137931035,
    "recall": 0.5515873015873016,
    "f1": 0.5631330182309251,
    "tp": 417,
    "fp": 308,
    "fn": 339
  },
  "trigger_classification": {
    "precision": 0.5668965517241379,
    "recall": 0.5436507936507936,
    "f1": 0.5550303848750844,
    "tp": 411,
    "fp": 314,
    "fn": 345
  },
  "event_classification": {
    "precision": 0.9751724137931035,
    "recall": 0.9451871657754011,
    "f1": 0.9599456890699253,
    "tp": 707,
    "fp": 18,
    "fn": 41
  }
}