{
  "overall": {
    "precision": 0.6380270485282419,
    "recall": 0.6043707611152976,
    "f1": 0.6207430340557276,
    "tp": 1604,
    "fp": 910,
    "fn": 1050
  },
  "per_label": {
    "EFFECT": {
      "precision": 0.687964338781575,
      "recall": 0.6316507503410641,
      "f1": 0.658605974395448,
      "tp": 463,
      "fp": 210,
      "fn": 270
    },
    "SUBJECT": {
      "precision": 0.6265984654731458,
      "recall": 0.6413612565445026,
      "f1": 0.6338939197930142,
      "tp": 245,
      "fp": 146,
      "fn": 137
    },
    "TREATMENT": {
      "precision": 0.6575716234652115,
      "recall": 0.6108998732572877,
      "f1": 0.633377135348226,
      "tp": 482,
      "fp": 251,
      "fn": 307
    },
    "TRIGGER": {
      "precision": 0.5774058577405857,
      "recall": 0.552,
      "f1": 0.5644171779141104,
      "tp": 414,
      "fp": 303,
      "fn": 336
    }
  },
  "trigger_identification": {
    "precision": 0.5774058577405857,
    "recall": 0.552,
    "f1": 0.5644171779141104,
    "tp": 414,
    "fp": 303,
    "fn": 336
  },
  "trigger_classification": {
    "precision": 0.5578800557880056,
    "recall": 0.5333333333333333,
    "f1": 0.5453306066803,
    "tp": 400,
    "fp": 317,
    "fn": 350
  },
  "event_classification": {
    "precision": 0.9595536959553695,
    "recall": 0.9309878213802436,
    "f1": 0.9450549450549449,
    "tp": 688,
    "fp": 29,
    "fn": 51
  }
}