{
  "overall": {
    "precision": 0.6318968989126057,
    "recall": 0.6921041023378914,
    "f1": 0.6606315789473685,
    "tp": 1569,
    "fp": 914,
    "fn": 698
  },
  "per_label": {
    "EFFECT": {
      "precision": 0.5997693194925029,
      "recall": 0.7065217391304348,
      "f1": 0.6487835308796007,
      "tp": 520,
      "fp": 347,
      "fn": 216
    },
    "TREATMENT": {
      "precision": 0.5704772475027747,
      "recall": 0.6522842639593909,
      "f1": 0.6086441681468324,
      "tp": 514,
      "fp": 387,
      "fn": 274
    },
    "TRIGGER": {
      "precision": 0.7482517482517482,
      "recall": 0.7200538358008075,
      "f1": 0.7338820301783265,
      "tp": 535,
      "fp": 180,
      "fn": 208
    }
  },
  "trigger_identification": {
    "precision": 0.7482517482517482,
    "recall": 0.7200538358008075,
    "f1": 0.7338820301783265,
    "tp": 535,
    "fp": 180,
    "fn": 208
  },
  "trigger_classification": {
    "precision": 0.73006993006993,
    "recall": 0.702557200538358,
    "f1": 0.7160493827160495,
    "tp": 522,
    "fp": 193,
    "fn": 221
  },
  "event_classification": {
    "precision": 0.9628482972136223,
    "recall": 0.8485675306957708,
    "f1": 0.902102973168963,
    "tp": 622,
    "fp": 24,
    "fn": 111
  }
}