{
  "overall": {
    "precision": 0.7819548872180451,
    "recall": 0.7923809523809524,
    "f1": 0.7871333964049195,
    "tp": 416,
    "fp": 116,
    "fn": 109
  },
  "per_label": {
    "EFFECT": {
      "precision": 0.7402597402597403,
      "recall": 0.7566371681415929,
      "f1": 0.7483588621444202,
      "tp": 171,
      "fp": 60,
      "fn": 55
    },
    "TREATMENT": {
      "precision": 0.796078431372549,
      "recall": 0.8458333333333333,
      "f1": 0.8202020202020202,
      "tp": 203,
      "fp": 52,
      "fn": 37
    },
    "TRIGGER": {
      "precision": 0.9130434782608695,
      "recall": 0.711864406779661,
      "f1": 0.7999999999999999,
      "tp": 42,
      "fp": 4,
      "fn": 17
    }
  }
}