{
  "overall": {
    "precision": 0.6364268335071255,
    "recall": 0.6896421845574388,
    "f1": 0.6619667389732465,
    "tp": 1831,
    "fp": 1046,
    "fn": 824
  },
  "per_label": {
    "EFFECT": {
      "precision": 0.6201456310679612,
      "recall": 0.6952380952380952,
      "f1": 0.6555484284797947,
      "tp": 511,
      "fp": 313,
      "fn": 224
    },
    "SUBJECT": {
      "precision": 0.5945330296127562,
      "recall": 0.6709511568123393,
      "f1": 0.6304347826086956,
      "tp": 261,
      "fp": 178,
      "fn": 128
    },
    "TREATMENT": {
      "precision": 0.5961098398169337,
      "recall": 0.6611675126903553,
      "f1": 0.6269554753309267,
      "tp": 521,
      "fp": 353,
      "fn": 267
    },
    "TRIGGER": {
      "precision": 0.727027027027027,
      "recall": 0.7240915208613729,
      "f1": 0.7255563047875927,
      "tp": 538,
      "fp": 202,
      "fn": 205
    }
  },
  "trigger_identification": {
    "precision": 0.727027027027027,
    "recall": 0.7240915208613729,
    "f1": 0.7255563047875927,
    "tp": 538,
    "fp": 202,
    "fn": 205
  },
  "trigger_classification": {
    "precision": 0.7108108108108108,
    "recall": 0.7079407806191117,
    "f1": 0.7093728927848953,
    "tp": 526,
    "fp": 214,
    "fn": 217
  },
  "event_classification": {
    "precision": 0.9473684210526315,
    "recall": 0.859481582537517,
    "f1": 0.9012875536480687,
    "tp": 630,
    "fp": 35,
    "fn": 103
  }
}