{
  "overall": {
    "precision": 0.6228886590830748,
    "recall": 0.6783033033033034,
    "f1": 0.6494159928122193,
    "tp": 1807,
    "fp": 1094,
    "fn": 857
  },
  "per_label": {
    "EFFECT": {
      "precision": 0.6332138590203107,
      "recall": 0.710455764075067,
      "f1": 0.6696146557169931,
      "tp": 530,
      "fp": 307,
      "fn": 216
    },
    "SUBJECT": {
      "precision": 0.6070528967254408,
      "recall": 0.654891304347826,
      "f1": 0.6300653594771242,
      "tp": 241,
      "fp": 156,
      "fn": 127
    },
    "TREATMENT": {
      "precision": 0.5502702702702703,
      "recall": 0.6386449184441656,
      "f1": 0.5911730545876888,
      "tp": 509,
      "fp": 416,
      "fn": 288
    },
    "TRIGGER": {
      "precision": 0.7102425876010782,
      "recall": 0.699867197875166,
      "f1": 0.7050167224080267,
      "tp": 527,
      "fp": 215,
      "fn": 226
    }
  },
  "trigger_identification": {
    "precision": 0.7102425876010782,
    "recall": 0.699867197875166,
    "f1": 0.7050167224080267,
    "tp": 527,
    "fp": 215,
    "fn": 226
  },
  "trigger_classification": {
    "precision": 0.7021563342318059,
    "recall": 0.6918990703851262,
    "f1": 0.6969899665551839,
    "tp": 521,
    "fp": 221,
    "fn": 232
  },
  "event_classification": {
    "precision": 0.9595808383233533,
    "recall": 0.8604026845637583,
    "f1": 0.9072894550601558,
    "tp": 641,
    "fp": 27,
    "fn": 104
  }
}