{
  "overall": {
    "precision": 0.6131541725601132,
    "recall": 0.6707930367504835,
    "f1": 0.6406798448180306,
    "tp": 1734,
    "fp": 1094,
    "fn": 851
  },
  "per_label": {
    "EFFECT": {
      "precision": 0.6208092485549133,
      "recall": 0.7237196765498652,
      "f1": 0.6683260734287492,
      "tp": 537,
      "fp": 328,
      "fn": 205
    },
    "TREATMENT": {
      "precision": 0.5525672371638142,
      "recall": 0.6214482126489459,
      "f1": 0.5849870578084555,
      "tp": 678,
      "fp": 549,
      "fn": 413
    },
    "TRIGGER": {
      "precision": 0.7051630434782609,
      "recall": 0.6901595744680851,
      "f1": 0.6975806451612904,
      "tp": 519,
      "fp": 217,
      "fn": 233
    }
  },
  "trigger_identification": {
    "precision": 0.7051630434782609,
    "recall": 0.6901595744680851,
    "f1": 0.6975806451612904,
    "tp": 519,
    "fp": 217,
    "fn": 233
  },
  "trigger_classification": {
    "precision": 0.6929347826086957,
    "recall": 0.6781914893617021,
    "f1": 0.685483870967742,
    "tp": 510,
    "fp": 226,
    "fn": 242
  },
  "event_classification": {
    "precision": 0.9635258358662614,
    "recall": 0.8521505376344086,
    "f1": 0.9044222539229672,
    "tp": 634,
    "fp": 24,
    "fn": 110
  }
}