{
  "overall": {
    "precision": 0.6648609606356085,
    "recall": 0.6934086629001883,
    "f1": 0.6788348082595871,
    "tp": 1841,
    "fp": 928,
    "fn": 814
  },
  "per_label": {
    "EFFECT": {
      "precision": 0.650571791613723,
      "recall": 0.6965986394557823,
      "f1": 0.6727989487516426,
      "tp": 512,
      "fp": 275,
      "fn": 223
    },
    "SUBJECT": {
      "precision": 0.6470588235294118,
      "recall": 0.6786632390745502,
      "f1": 0.6624843161856965,
      "tp": 264,
      "fp": 144,
      "fn": 125
    },
    "TREATMENT": {
      "precision": 0.6272401433691757,
      "recall": 0.666243654822335,
      "f1": 0.6461538461538461,
      "tp": 525,
      "fp": 312,
      "fn": 263
    },
    "TRIGGER": {
      "precision": 0.7327001356852103,
      "recall": 0.7267833109017496,
      "f1": 0.7297297297297296,
      "tp": 540,
      "fp": 197,
      "fn": 203
    }
  },
  "trigger_identification": {
    "precision": 0.7327001356852103,
    "recall": 0.7267833109017496,
    "f1": 0.7297297297297296,
    "tp": 540,
    "fp": 197,
    "fn": 203
  },
  "trigger_classification": {
    "precision": 0.7164179104477612,
    "recall": 0.7106325706594886,
    "f1": 0.7135135135135136,
    "tp": 528,
    "fp": 209,
    "fn": 215
  },
  "event_classification": {
    "precision": 0.947289156626506,
    "recall": 0.8581173260572987,
    "f1": 0.9005010737294201,
    "tp": 629,
    "fp": 35,
    "fn": 104
  }
}