{
  "overall": {
    "precision": 0.782608695652174,
    "recall": 0.7588532883642496,
    "f1": 0.7705479452054795,
    "tp": 450,
    "fp": 125,
    "fn": 143
  },
  "per_label": {
    "EFFECT": {
      "precision": 0.7510204081632653,
      "recall": 0.7479674796747967,
      "f1": 0.7494908350305498,
      "tp": 184,
      "fp": 61,
      "fn": 62
    },
    "TREATMENT": {
      "precision": 0.7832167832167832,
      "recall": 0.8,
      "f1": 0.7915194346289753,
      "tp": 224,
      "fp": 62,
      "fn": 56
    },
    "TRIGGER": {
      "precision": 0.9545454545454546,
      "recall": 0.6268656716417911,
      "f1": 0.7567567567567568,
      "tp": 42,
      "fp": 2,
      "fn": 25
    }
  },
  "trigger_identification": {
    "precision": 0.7375,
    "recall": 0.7146702557200538,
    "f1": 0.7259056732740944,
    "tp": 531,
    "fp": 189,
    "fn": 212
  },
  "trigger_classification": {
    "precision": 0.7194444444444444,
    "recall": 0.6971736204576043,
    "f1": 0.7081339712918661,
    "tp": 518,
    "fp": 202,
    "fn": 225
  },
  "event_classification": {
    "precision": 0.9496951219512195,
    "recall": 0.849931787175989,
    "f1": 0.8970482361411087,
    "tp": 623,
    "fp": 33,
    "fn": 110
  }
}