{
  "overall": {
    "precision": 0.6219093406593407,
    "recall": 0.6821092278719397,
    "f1": 0.6506197233698581,
    "tp": 1811,
    "fp": 1101,
    "fn": 844
  },
  "per_label": {
    "EFFECT": {
      "precision": 0.5915985997666278,
      "recall": 0.689795918367347,
      "f1": 0.6369346733668342,
      "tp": 507,
      "fp": 350,
      "fn": 228
    },
    "SUBJECT": {
      "precision": 0.6037735849056604,
      "recall": 0.6580976863753213,
      "f1": 0.6297662976629766,
      "tp": 256,
      "fp": 168,
      "fn": 133
    },
    "TREATMENT": {
      "precision": 0.5757238307349666,
      "recall": 0.6560913705583756,
      "f1": 0.6132858837485172,
      "tp": 517,
      "fp": 381,
      "fn": 271
    },
    "TRIGGER": {
      "precision": 0.7244201909959073,
      "recall": 0.7146702557200538,
      "f1": 0.7195121951219512,
      "tp": 531,
      "fp": 202,
      "fn": 212
    }
  },
  "trigger_identification": {
    "precision": 0.7244201909959073,
    "recall": 0.7146702557200538,
    "f1": 0.7195121951219512,
    "tp": 531,
    "fp": 202,
    "fn": 212
  },
  "trigger_classification": {
    "precision": 0.7121418826739427,
    "recall": 0.702557200538358,
    "f1": 0.7073170731707318,
    "tp": 522,
    "fp": 211,
    "fn": 221
  },
  "event_classification": {
    "precision": 0.9619482496194824,
    "recall": 0.8622100954979536,
    "f1": 0.9093525179856113,
    "tp": 632,
    "fp": 25,
    "fn": 101
  }
}