{
  "overall": {
    "precision": 0.6367201426024955,
    "recall": 0.6704204204204204,
    "f1": 0.6531358566465534,
    "tp": 1786,
    "fp": 1019,
    "fn": 878
  },
  "per_label": {
    "EFFECT": {
      "precision": 0.6425061425061425,
      "recall": 0.7010723860589813,
      "f1": 0.6705128205128206,
      "tp": 523,
      "fp": 291,
      "fn": 223
    },
    "SUBJECT": {
      "precision": 0.6288659793814433,
      "recall": 0.6630434782608695,
      "f1": 0.6455026455026454,
      "tp": 244,
      "fp": 144,
      "fn": 124
    },
    "TREATMENT": {
      "precision": 0.5756207674943566,
      "recall": 0.6398996235884568,
      "f1": 0.6060606060606061,
      "tp": 510,
      "fp": 376,
      "fn": 287
    },
    "TRIGGER": {
      "precision": 0.7099023709902371,
      "recall": 0.6759628154050464,
      "f1": 0.6925170068027211,
      "tp": 509,
      "fp": 208,
      "fn": 244
    }
  },
  "trigger_identification": {
    "precision": 0.7099023709902371,
    "recall": 0.6759628154050464,
    "f1": 0.6925170068027211,
    "tp": 509,
    "fp": 208,
    "fn": 244
  },
  "trigger_classification": {
    "precision": 0.6778242677824268,
    "recall": 0.6454183266932271,
    "f1": 0.6612244897959183,
    "tp": 486,
    "fp": 231,
    "fn": 267
  },
  "event_classification": {
    "precision": 0.9433962264150944,
    "recall": 0.8053691275167785,
    "f1": 0.8689355539464156,
    "tp": 600,
    "fp": 36,
    "fn": 145
  }
}