{
  "overall": {
    "precision": 0.6198689203173509,
    "recall": 0.6768361581920904,
    "f1": 0.6471011883327332,
    "tp": 1797,
    "fp": 1102,
    "fn": 858
  },
  "per_label": {
    "EFFECT": {
      "precision": 0.5941176470588235,
      "recall": 0.6870748299319728,
      "f1": 0.6372239747634069,
      "tp": 505,
      "fp": 345,
      "fn": 230
    },
    "SUBJECT": {
      "precision": 0.578088578088578,
      "recall": 0.6375321336760925,
      "f1": 0.6063569682151588,
      "tp": 248,
      "fp": 181,
      "fn": 141
    },
    "TREATMENT": {
      "precision": 0.5751412429378531,
      "recall": 0.6459390862944162,
      "f1": 0.6084877465630604,
      "tp": 509,
      "fp": 376,
      "fn": 279
    },
    "TRIGGER": {
      "precision": 0.7278911564625851,
      "recall": 0.7200538358008075,
      "f1": 0.7239512855209743,
      "tp": 535,
      "fp": 200,
      "fn": 208
    }
  },
  "trigger_identification": {
    "precision": 0.7278911564625851,
    "recall": 0.7200538358008075,
    "f1": 0.7239512855209743,
    "tp": 535,
    "fp": 200,
    "fn": 208
  },
  "trigger_classification": {
    "precision": 0.7115646258503401,
    "recall": 0.7039030955585465,
    "f1": 0.7077131258457376,
    "tp": 523,
    "fp": 212,
    "fn": 220
  },
  "event_classification": {
    "precision": 0.9528158295281582,
    "recall": 0.8540245566166439,
    "f1": 0.9007194244604316,
    "tp": 626,
    "fp": 31,
    "fn": 107
  }
}