{
  "overall": {
    "precision": 0.6219637358877865,
    "recall": 0.6824324324324325,
    "f1": 0.6507964918560946,
    "tp": 1818,
    "fp": 1105,
    "fn": 846
  },
  "per_label": {
    "EFFECT": {
      "precision": 0.6125290023201856,
      "recall": 0.707774798927614,
      "f1": 0.6567164179104477,
      "tp": 528,
      "fp": 334,
      "fn": 218
    },
    "SUBJECT": {
      "precision": 0.606516290726817,
      "recall": 0.657608695652174,
      "f1": 0.6310299869621904,
      "tp": 242,
      "fp": 157,
      "fn": 126
    },
    "TREATMENT": {
      "precision": 0.5734966592427617,
      "recall": 0.6461731493099122,
      "f1": 0.6076696165191742,
      "tp": 515,
      "fp": 383,
      "fn": 282
    },
    "TRIGGER": {
      "precision": 0.6976439790575916,
      "recall": 0.7078353253652059,
      "f1": 0.7027027027027027,
      "tp": 533,
      "fp": 231,
      "fn": 220
    }
  },
  "trigger_identification": {
    "precision": 0.6976439790575916,
    "recall": 0.7078353253652059,
    "f1": 0.7027027027027027,
    "tp": 533,
    "fp": 231,
    "fn": 220
  },
  "trigger_classification": {
    "precision": 0.6897905759162304,
    "recall": 0.699867197875166,
    "f1": 0.6947923533289387,
    "tp": 527,
    "fp": 237,
    "fn": 226
  },
  "event_classification": {
    "precision": 0.9555555555555556,
    "recall": 0.8657718120805369,
    "f1": 0.9084507042253522,
    "tp": 645,
    "fp": 30,
    "fn": 100
  }
}