{
  "overall": {
    "precision": 0.08064516129032258,
    "recall": 0.12617702448210924,
    "f1": 0.09839917755911293,
    "tp": 335,
    "fp": 3819,
    "fn": 2320
  },
  "per_label": {
    "EFFECT": {
      "precision": 0.04422442244224423,
      "recall": 0.09115646258503401,
      "f1": 0.059555555555555556,
      "tp": 67,
      "fp": 1448,
      "fn": 668
    },
    "SUBJECT": {
      "precision": 0.22478386167146974,
      "recall": 0.20051413881748073,
      "f1": 0.21195652173913043,
      "tp": 78,
      "fp": 269,
      "fn": 311
    },
    "TREATMENT": {
      "precision": 0.07443181818181818,
      "recall": 0.16624365482233502,
      "f1": 0.10282574568288853,
      "tp": 131,
      "fp": 1629,
      "fn": 657
    },
    "TRIGGER": {
      "precision": 0.11090225563909774,
      "recall": 0.07940780619111709,
      "f1": 0.09254901960784315,
      "tp": 59,
      "fp": 473,
      "fn": 684
    }
  },
  "trigger_identification": {
    "precision": 0.11090225563909774,
    "recall": 0.07940780619111709,
    "f1": 0.09254901960784315,
    "tp": 59,
    "fp": 473,
    "fn": 684
  },
  "trigger_classification": {
    "precision": 0.10338345864661654,
    "recall": 0.0740242261103634,
    "f1": 0.08627450980392157,
    "tp": 55,
    "fp": 477,
    "fn": 688
  },
  "event_classification": {
    "precision": 0.9481327800829875,
    "recall": 0.6234652114597544,
    "f1": 0.7522633744855968,
    "tp": 457,
    "fp": 25,
    "fn": 276
  }
}