{
  "overall": {
    "precision": 0.0787382614977125,
    "recall": 0.12316384180790961,
    "f1": 0.09606345475910694,
    "tp": 327,
    "fp": 3826,
    "fn": 2328
  },
  "per_label": {
    "EFFECT": {
      "precision": 0.04294079375406636,
      "recall": 0.08979591836734693,
      "f1": 0.058098591549295774,
      "tp": 66,
      "fp": 1471,
      "fn": 669
    },
    "SUBJECT": {
      "precision": 0.21902017291066284,
      "recall": 0.1953727506426735,
      "f1": 0.20652173913043478,
      "tp": 76,
      "fp": 271,
      "fn": 313
    },
    "TREATMENT": {
      "precision": 0.07407407407407407,
      "recall": 0.1649746192893401,
      "f1": 0.10224144710971293,
      "tp": 130,
      "fp": 1625,
      "fn": 658
    },
    "TRIGGER": {
      "precision": 0.10700389105058365,
      "recall": 0.0740242261103634,
      "f1": 0.08750994431185362,
      "tp": 55,
      "fp": 459,
      "fn": 688
    }
  },
  "trigger_identification": {
    "precision": 0.10700389105058365,
    "recall": 0.0740242261103634,
    "f1": 0.08750994431185362,
    "tp": 55,
    "fp": 459,
    "fn": 688
  },
  "trigger_classification": {
    "precision": 0.10311284046692606,
    "recall": 0.07133243606998654,
    "f1": 0.08432776451869531,
    "tp": 53,
    "fp": 461,
    "fn": 690
  },
  "event_classification": {
    "precision": 0.956989247311828,
    "recall": 0.607094133697135,
    "f1": 0.7429048414023373,
    "tp": 445,
    "fp": 20,
    "fn": 288
  }
}