{
  "overall": {
    "precision": 0.7674418604651163,
    "recall": 0.772972972972973,
    "f1": 0.770197486535009,
    "tp": 429,
    "fp": 130,
    "fn": 126
  },
  "per_label": {
    "EFFECT": {
      "precision": 0.7456896551724138,
      "recall": 0.7654867256637168,
      "f1": 0.7554585152838429,
      "tp": 173,
      "fp": 59,
      "fn": 53
    },
    "TREATMENT": {
      "precision": 0.7561837455830389,
      "recall": 0.7985074626865671,
      "f1": 0.7767695099818512,
      "tp": 214,
      "fp": 69,
      "fn": 54
    },
    "TRIGGER": {
      "precision": 0.9545454545454546,
      "recall": 0.6885245901639344,
      "f1": 0.8,
      "tp": 42,
      "fp": 2,
      "fn": 19
    }
  },
  "trigger_identification": {
    "precision": 0.7051630434782609,
    "recall": 0.6901595744680851,
    "f1": 0.6975806451612904,
    "tp": 519,
    "fp": 217,
    "fn": 233
  },
  "trigger_classification": {
    "precision": 0.6929347826086957,
    "recall": 0.6781914893617021,
    "f1": 0.685483870967742,
    "tp": 510,
    "fp": 226,
    "fn": 242
  },
  "event_classification": {
    "precision": 0.9635258358662614,
    "recall": 0.8521505376344086,
    "f1": 0.9044222539229672,
    "tp": 634,
    "fp": 24,
    "fn": 110
  }
}