{
  "overall": {
    "precision": 0.6553450125134073,
    "recall": 0.6880630630630631,
    "f1": 0.6713056216810108,
    "tp": 1833,
    "fp": 964,
    "fn": 831
  },
  "per_label": {
    "EFFECT": {
      "precision": 0.6579925650557621,
      "recall": 0.7117962466487936,
      "f1": 0.6838377334191886,
      "tp": 531,
      "fp": 276,
      "fn": 215
    },
    "SUBJECT": {
      "precision": 0.6475195822454308,
      "recall": 0.6739130434782609,
      "f1": 0.6604527296937417,
      "tp": 248,
      "fp": 135,
      "fn": 120
    },
    "TREATMENT": {
      "precision": 0.6178194607268465,
      "recall": 0.6612296110414053,
      "f1": 0.6387878787878788,
      "tp": 527,
      "fp": 326,
      "fn": 270
    },
    "TRIGGER": {
      "precision": 0.6989389920424404,
      "recall": 0.699867197875166,
      "f1": 0.6994027869940279,
      "tp": 527,
      "fp": 227,
      "fn": 226
    }
  },
  "trigger_identification": {
    "precision": 0.6989389920424404,
    "recall": 0.699867197875166,
    "f1": 0.6994027869940279,
    "tp": 527,
    "fp": 227,
    "fn": 226
  },
  "trigger_classification": {
    "precision": 0.6909814323607427,
    "recall": 0.6918990703851262,
    "f1": 0.6914399469143995,
    "tp": 521,
    "fp": 233,
    "fn": 232
  },
  "event_classification": {
    "precision": 0.9646539027982327,
    "recall": 0.8791946308724832,
    "f1": 0.919943820224719,
    "tp": 655,
    "fp": 24,
    "fn": 90
  }
}