{
  "overall": {
    "precision": 0.6356643356643357,
    "recall": 0.6847457627118644,
    "f1": 0.6592928377153219,
    "tp": 1818,
    "fp": 1042,
    "fn": 837
  },
  "per_label": {
    "EFFECT": {
      "precision": 0.6188769414575866,
      "recall": 0.7047619047619048,
      "f1": 0.6590330788804072,
      "tp": 518,
      "fp": 319,
      "fn": 217
    },
    "SUBJECT": {
      "precision": 0.6113744075829384,
      "recall": 0.6632390745501285,
      "f1": 0.6362515413070284,
      "tp": 258,
      "fp": 164,
      "fn": 131
    },
    "TREATMENT": {
      "precision": 0.578177727784027,
      "recall": 0.6522842639593909,
      "f1": 0.6129994036970782,
      "tp": 514,
      "fp": 375,
      "fn": 274
    },
    "TRIGGER": {
      "precision": 0.7415730337078652,
      "recall": 0.7106325706594886,
      "f1": 0.7257731958762886,
      "tp": 528,
      "fp": 184,
      "fn": 215
    }
  },
  "trigger_identification": {
    "precision": 0.7415730337078652,
    "recall": 0.7106325706594886,
    "f1": 0.7257731958762886,
    "tp": 528,
    "fp": 184,
    "fn": 215
  },
  "trigger_classification": {
    "precision": 0.726123595505618,
    "recall": 0.6958277254374159,
    "f1": 0.7106529209621992,
    "tp": 517,
    "fp": 195,
    "fn": 226
  },
  "event_classification": {
    "precision": 0.9479326186830015,
    "recall": 0.844474761255116,
    "f1": 0.8932178932178932,
    "tp": 619,
    "fp": 34,
    "fn": 114
  }
}