{
  "overall": {
    "precision": 0.6345549738219896,
    "recall": 0.6847457627118644,
    "f1": 0.658695652173913,
    "tp": 1818,
    "fp": 1047,
    "fn": 837
  },
  "per_label": {
    "EFFECT": {
      "precision": 0.6054502369668247,
      "recall": 0.6952380952380952,
      "f1": 0.6472450918302723,
      "tp": 511,
      "fp": 333,
      "fn": 224
    },
    "SUBJECT": {
      "precision": 0.6229116945107399,
      "recall": 0.6709511568123393,
      "f1": 0.6460396039603961,
      "tp": 261,
      "fp": 158,
      "fn": 128
    },
    "TREATMENT": {
      "precision": 0.5805369127516778,
      "recall": 0.6586294416243654,
      "f1": 0.6171224732461356,
      "tp": 519,
      "fp": 375,
      "fn": 269
    },
    "TRIGGER": {
      "precision": 0.7443502824858758,
      "recall": 0.7092866756393001,
      "f1": 0.726395589248794,
      "tp": 527,
      "fp": 181,
      "fn": 216
    }
  },
  "trigger_identification": {
    "precision": 0.7443502824858758,
    "recall": 0.7092866756393001,
    "f1": 0.726395589248794,
    "tp": 527,
    "fp": 181,
    "fn": 216
  },
  "trigger_classification": {
    "precision": 0.7288135593220338,
    "recall": 0.6944818304172274,
    "f1": 0.7112336319779461,
    "tp": 516,
    "fp": 192,
    "fn": 227
  },
  "event_classification": {
    "precision": 0.9547581903276131,
    "recall": 0.834924965893588,
    "f1": 0.8908296943231442,
    "tp": 612,
    "fp": 29,
    "fn": 121
  }
}