{
  "overall": {
    "precision": 0.6975276170436613,
    "recall": 0.7572815533980582,
    "f1": 0.7261774370208106,
    "tp": 1326,
    "fp": 575,
    "fn": 425
  },
  "per_label": {
    "COMBINATION_DRUG": {
      "precision": 0.6388888888888888,
      "recall": 0.696969696969697,
      "f1": 0.6666666666666666,
      "tp": 138,
      "fp": 78,
      "fn": 60
    },
    "SUBJECT_AGE": {
      "precision": 0.908256880733945,
      "recall": 0.9339622641509434,
      "f1": 0.9209302325581395,
      "tp": 99,
      "fp": 10,
      "fn": 7
    },
    "SUBJECT_DISORDER": {
      "precision": 0.11428571428571428,
      "recall": 0.07142857142857142,
      "f1": 0.0879120879120879,
      "tp": 4,
      "fp": 31,
      "fn": 52
    },
    "SUBJECT_GENDER": {
      "precision": 0.9120879120879121,
      "recall": 0.9540229885057471,
      "f1": 0.9325842696629213,
      "tp": 83,
      "fp": 8,
      "fn": 4
    },
    "SUBJECT_POPULATION": {
      "precision": 0.7446808510638298,
      "recall": 0.8536585365853658,
      "f1": 0.7954545454545454,
      "tp": 70,
      "fp": 24,
      "fn": 12
    },
    "SUBJECT_RACE": {
      "precision": 0.8181818181818182,
      "recall": 0.8181818181818182,
      "f1": 0.8181818181818182,
      "tp": 9,
      "fp": 2,
      "fn": 2
    },
    "TREATMENT_DISORDER": {
      "precision": 0.5773195876288659,
      "recall": 0.6588235294117647,
      "f1": 0.6153846153846153,
      "tp": 168,
      "fp": 123,
      "fn": 87
    },
    "TREATMENT_DOSAGE": {
      "precision": 0.6162790697674418,
      "recall": 0.7162162162162162,
      "f1": 0.6625,
      "tp": 53,
      "fp": 33,
      "fn": 21
    },
    "TREATMENT_DRUG": {
      "precision": 0.819060773480663,
      "recall": 0.8556998556998557,
      "f1": 0.8369795342272407,
      "tp": 593,
      "fp": 131,
      "fn": 100
    },
    "TREATMENT_DURATION": {
      "precision": 0.3333333333333333,
      "recall": 0.4482758620689655,
      "f1": 0.38235294117647056,
      "tp": 13,
      "fp": 26,
      "fn": 16
    },
    "TREATMENT_FREQ": {
      "precision": 0.23809523809523808,
      "recall": 0.4166666666666667,
      "f1": 0.30303030303030304,
      "tp": 5,
      "fp": 16,
      "fn": 7
    },
    "TREATMENT_ROUTE": {
      "precision": 0.6513761467889908,
      "recall": 0.7634408602150538,
      "f1": 0.7029702970297028,
      "tp": 71,
      "fp": 38,
      "fn": 22
    },
    "TREATMENT_TIME_ELAPSED": {
      "precision": 0.26666666666666666,
      "recall": 0.36363636363636365,
      "f1": 0.30769230769230765,
      "tp": 20,
      "fp": 55,
      "fn": 35
    }
  },
  "trigger_identification": {
    "precision": 0.0,
    "recall": 0.0,
    "f1": 0.0,
    "tp": 0,
    "fp": 0,
    "fn": 0
  },
  "trigger_classification": {
    "precision": 0.0,
    "recall": 0.0,
    "f1": 0.0,
    "tp": 0,
    "fp": 0,
    "fn": 0
  },
  "event_classification": {
    "precision": 0.0,
    "recall": 0.0,
    "f1": 0.0,
    "tp": 0,
    "fp": 0,
    "fn": 0
  }
}