{
  "overall": {
    "precision": 0.7908745247148289,
    "recall": 0.7577413479052824,
    "f1": 0.7739534883720931,
    "tp": 416,
    "fp": 110,
    "fn": 133
  },
  "per_label": {
    "EFFECT": {
      "precision": 0.7489361702127659,
      "recall": 0.7272727272727273,
      "f1": 0.7379454926624738,
      "tp": 176,
      "fp": 59,
      "fn": 66
    },
    "TREATMENT": {
      "precision": 0.805668016194332,
      "recall": 0.805668016194332,
      "f1": 0.805668016194332,
      "tp": 199,
      "fp": 48,
      "fn": 48
    },
    "TRIGGER": {
      "precision": 0.9318181818181818,
      "recall": 0.6833333333333333,
      "f1": 0.7884615384615384,
      "tp": 41,
      "fp": 3,
      "fn": 19
    }
  }
}