{
  "overall": {
    "precision": 0.6156497759393312,
    "recall": 0.6704204204204204,
    "f1": 0.6418688230008984,
    "tp": 1786,
    "fp": 1115,
    "fn": 878
  },
  "per_label": {
    "EFFECT": {
      "precision": 0.6131736526946108,
      "recall": 0.6863270777479893,
      "f1": 0.6476913345983555,
      "tp": 512,
      "fp": 323,
      "fn": 234
    },
    "SUBJECT": {
      "precision": 0.6045918367346939,
      "recall": 0.6440217391304348,
      "f1": 0.6236842105263158,
      "tp": 237,
      "fp": 155,
      "fn": 131
    },
    "TREATMENT": {
      "precision": 0.5506465517241379,
      "recall": 0.6411543287327478,
      "f1": 0.5924637681159419,
      "tp": 511,
      "fp": 417,
      "fn": 286
    },
    "TRIGGER": {
      "precision": 0.7050938337801609,
      "recall": 0.6985391766268261,
      "f1": 0.7018012008005337,
      "tp": 526,
      "fp": 220,
      "fn": 227
    }
  },
  "trigger_identification": {
    "precision": 0.7050938337801609,
    "recall": 0.6985391766268261,
    "f1": 0.7018012008005337,
    "tp": 526,
    "fp": 220,
    "fn": 227
  },
  "trigger_classification": {
    "precision": 0.6997319034852547,
    "recall": 0.6932270916334662,
    "f1": 0.6964643095396932,
    "tp": 522,
    "fp": 224,
    "fn": 231
  },
  "event_classification": {
    "precision": 0.9698795180722891,
    "recall": 0.8644295302013423,
    "f1": 0.9141234918381831,
    "tp": 644,
    "fp": 20,
    "fn": 101
  }
}