{
  "overall": {
    "precision": 0.6376294180649767,
    "recall": 0.6726930320150659,
    "f1": 0.6546920821114368,
    "tp": 1786,
    "fp": 1015,
    "fn": 869
  },
  "per_label": {
    "EFFECT": {
      "precision": 0.6036144578313253,
      "recall": 0.6816326530612244,
      "f1": 0.640255591054313,
      "tp": 501,
      "fp": 329,
      "fn": 234
    },
    "SUBJECT": {
      "precision": 0.6508728179551122,
      "recall": 0.6709511568123393,
      "f1": 0.660759493670886,
      "tp": 261,
      "fp": 140,
      "fn": 128
    },
    "TREATMENT": {
      "precision": 0.5782312925170068,
      "recall": 0.6472081218274112,
      "f1": 0.6107784431137724,
      "tp": 510,
      "fp": 372,
      "fn": 278
    },
    "TRIGGER": {
      "precision": 0.747093023255814,
      "recall": 0.6917900403768507,
      "f1": 0.7183787561146052,
      "tp": 514,
      "fp": 174,
      "fn": 229
    }
  },
  "trigger_identification": {
    "precision": 0.747093023255814,
    "recall": 0.6917900403768507,
    "f1": 0.7183787561146052,
    "tp": 514,
    "fp": 174,
    "fn": 229
  },
  "trigger_classification": {
    "precision": 0.7151162790697675,
    "recall": 0.6621803499327052,
    "f1": 0.6876310272536688,
    "tp": 492,
    "fp": 196,
    "fn": 251
  },
  "event_classification": {
    "precision": 0.9471153846153846,
    "recall": 0.8062755798090041,
    "f1": 0.871039056742815,
    "tp": 591,
    "fp": 33,
    "fn": 142
  }
}