{
  "overall": {
    "precision": 0.7009493670886076,
    "recall": 0.7682080924855491,
    "f1": 0.7330391616105901,
    "tp": 1329,
    "fp": 567,
    "fn": 401
  },
  "per_label": {
    "COMBINATION_DRUG": {
      "precision": 0.6693877551020408,
      "recall": 0.7488584474885844,
      "f1": 0.7068965517241379,
      "tp": 164,
      "fp": 81,
      "fn": 55
    },
    "SUBJECT_AGE": {
      "precision": 0.9439252336448598,
      "recall": 0.926605504587156,
      "f1": 0.9351851851851852,
      "tp": 101,
      "fp": 6,
      "fn": 8
    },
    "SUBJECT_DISORDER": {
      "precision": 0.18604651162790697,
      "recall": 0.14545454545454545,
      "f1": 0.16326530612244897,
      "tp": 8,
      "fp": 35,
      "fn": 47
    },
    "SUBJECT_GENDER": {
      "precision": 0.8488372093023255,
      "recall": 0.9605263157894737,
      "f1": 0.9012345679012346,
      "tp": 73,
      "fp": 13,
      "fn": 3
    },
    "SUBJECT_POPULATION": {
      "precision": 0.7464788732394366,
      "recall": 0.8688524590163934,
      "f1": 0.803030303030303,
      "tp": 53,
      "fp": 18,
      "fn": 8
    },
    "SUBJECT_RACE": {
      "precision": 0.75,
      "recall": 0.8571428571428571,
      "f1": 0.7999999999999999,
      "tp": 6,
      "fp": 2,
      "fn": 1
    },
    "TREATMENT_DISORDER": {
      "precision": 0.5676567656765676,
      "recall": 0.6466165413533834,
      "f1": 0.6045694200351494,
      "tp": 172,
      "fp": 131,
      "fn": 94
    },
    "TREATMENT_DOSAGE": {
      "precision": 0.618421052631579,
      "recall": 0.6714285714285714,
      "f1": 0.6438356164383561,
      "tp": 47,
      "fp": 29,
      "fn": 23
    },
    "TREATMENT_DRUG": {
      "precision": 0.8276797829036635,
      "recall": 0.8815028901734104,
      "f1": 0.853743876836949,
      "tp": 610,
      "fp": 127,
      "fn": 82
    },
    "TREATMENT_DURATION": {
      "precision": 0.1891891891891892,
      "recall": 0.2916666666666667,
      "f1": 0.22950819672131148,
      "tp": 7,
      "fp": 30,
      "fn": 17
    },
    "TREATMENT_FREQ": {
      "precision": 0.5,
      "recall": 0.6363636363636364,
      "f1": 0.56,
      "tp": 7,
      "fp": 7,
      "fn": 4
    },
    "TREATMENT_ROUTE": {
      "precision": 0.5588235294117647,
      "recall": 0.6551724137931034,
      "f1": 0.6031746031746031,
      "tp": 57,
      "fp": 45,
      "fn": 30
    },
    "TREATMENT_TIME_ELAPSED": {
      "precision": 0.3582089552238806,
      "recall": 0.4528301886792453,
      "f1": 0.39999999999999997,
      "tp": 24,
      "fp": 43,
      "fn": 29
    }
  },
  "trigger_identification": {
    "precision": 0.0,
    "recall": 0.0,
    "f1": 0.0,
    "tp": 0,
    "fp": 0,
    "fn": 0
  },
  "trigger_classification": {
    "precision": 0.0,
    "recall": 0.0,
    "f1": 0.0,
    "tp": 0,
    "fp": 0,
    "fn": 0
  },
  "event_classification": {
    "precision": 0.0,
    "recall": 0.0,
    "f1": 0.0,
    "tp": 0,
    "fp": 0,
    "fn": 0
  }
}