{
  "overall": {
    "precision": 0.6260032102728732,
    "recall": 0.6794425087108014,
    "f1": 0.6516290726817042,
    "tp": 1560,
    "fp": 932,
    "fn": 736
  },
  "per_label": {
    "EFFECT": {
      "precision": 0.6158392434988179,
      "recall": 0.6983914209115282,
      "f1": 0.6545226130653267,
      "tp": 521,
      "fp": 325,
      "fn": 225
    },
    "TREATMENT": {
      "precision": 0.5734966592427617,
      "recall": 0.6461731493099122,
      "f1": 0.6076696165191742,
      "tp": 515,
      "fp": 383,
      "fn": 282
    },
    "TRIGGER": {
      "precision": 0.7005347593582888,
      "recall": 0.6958831341301461,
      "f1": 0.698201199200533,
      "tp": 524,
      "fp": 224,
      "fn": 229
    }
  },
  "trigger_identification": {
    "precision": 0.7005347593582888,
    "recall": 0.6958831341301461,
    "f1": 0.698201199200533,
    "tp": 524,
    "fp": 224,
    "fn": 229
  },
  "trigger_classification": {
    "precision": 0.6951871657754011,
    "recall": 0.6905710491367862,
    "f1": 0.6928714190539641,
    "tp": 520,
    "fp": 228,
    "fn": 233
  },
  "event_classification": {
    "precision": 0.9714714714714715,
    "recall": 0.8684563758389262,
    "f1": 0.9170800850460668,
    "tp": 647,
    "fp": 19,
    "fn": 98
  }
}