{
  "overall": {
    "precision": 0.62180640518172,
    "recall": 0.6803149606299213,
    "f1": 0.6497461928934011,
    "tp": 1728,
    "fp": 1051,
    "fn": 812
  },
  "per_label": {
    "EFFECT": {
      "precision": 0.5981308411214953,
      "recall": 0.7004103967168263,
      "f1": 0.6452425960932576,
      "tp": 512,
      "fp": 344,
      "fn": 219
    },
    "TREATMENT": {
      "precision": 0.5694098088113051,
      "recall": 0.6425891181988743,
      "f1": 0.6037902159541649,
      "tp": 685,
      "fp": 518,
      "fn": 381
    },
    "TRIGGER": {
      "precision": 0.7375,
      "recall": 0.7146702557200538,
      "f1": 0.7259056732740944,
      "tp": 531,
      "fp": 189,
      "fn": 212
    }
  },
  "trigger_identification": {
    "precision": 0.7375,
    "recall": 0.7146702557200538,
    "f1": 0.7259056732740944,
    "tp": 531,
    "fp": 189,
    "fn": 212
  },
  "trigger_classification": {
    "precision": 0.7194444444444444,
    "recall": 0.6971736204576043,
    "f1": 0.7081339712918661,
    "tp": 518,
    "fp": 202,
    "fn": 225
  },
  "event_classification": {
    "precision": 0.9496951219512195,
    "recall": 0.849931787175989,
    "f1": 0.8970482361411087,
    "tp": 623,
    "fp": 33,
    "fn": 110
  }
}